Start Time (Seconds),End Time (Seconds),Duration (Seconds),Component,Energy Consumption (Joule)
0,70.967,70.967,screen dark,10.7815337344
0,70.967,70.967,wifi running,0.15314678599999998
30.266,70.967,40.701,audio,7.02662064
30.266,35.134,4.868000000000002,audio,0.8404115200000003
50.537,70.967,20.43,audio,3.5270352
50.537,56.545,6.008000000000003,audio,1.0372211200000003

