Start Time (Seconds),End Time (Seconds),Duration (Seconds),Component,Energy Consumption (Joule)
0,70.705,70.705,screen dark,10.741729856000001
0,70.705,70.705,wifi running,0.15258138999999998
30.197,70.705,40.507999999999996,audio,6.993301119999999
30.197,35.16,4.962999999999997,audio,0.8568123199999995

