Start Time (Seconds),End Time (Seconds),Duration (Seconds),Component,Energy Consumption (Joule)
0,70.94,70.94,screen dark,10.777431808000001
0,70.94,70.94,wifi running,0.15308851999999998
29.367,70.94,41.57299999999999,audio,7.177162719999998
29.367,29.889,0.5219999999999985,audio,0.09011807999999973

