Start Time (Seconds),End Time (Seconds),Duration (Seconds),Component,Energy Consumption (Joule)
0,71.07,71.07,screen dark,10.797181823999999
0,71.07,71.07,wifi running,0.15336905999999997
30.08,71.07,40.989999999999995,audio,7.076513599999998
30.08,35.086,5.006,audio,0.86423584
50.426,71.07,20.64399999999999,audio,3.563980159999998
50.426,56.431,6.0049999999999955,audio,1.0367031999999992

