Start Time (Seconds),End Time (Seconds),Duration (Seconds),Component,Energy Consumption (Joule)
0,70.935,70.935,screen dark,10.776672192000001
0,70.935,70.935,wifi running,0.15307773
30.326,70.935,40.609,audio,7.01073776
30.326,35.049,4.722999999999999,audio,0.8153787199999998

