Start Time (Seconds),End Time (Seconds),Duration (Seconds),Component,Energy Consumption (Joule)
0,70.634,70.634,screen dark,26.02686315
0,70.634,70.634,wifi running,2.4495871200000003
24.103,29.377,5.273999999999997,audio,0.8459232299999995
43.295,49.246,5.9510000000000005,audio,0.9545106449999999

