Start Time (Seconds),End Time (Seconds),Duration (Seconds),Component,Energy Consumption (Joule)
0,131.10399999999998,131.10399999999998,screen dark,47.695635200000005
0,98.345,98.345,wifi radio,56.823741000000005
98.345,100.369,2.024000000000001,wifi running,0.06930176000000003
100.369,131.10399999999998,30.734999999999985,wifi radio,17.758682999999994

