Start Time (Seconds),End Time (Seconds),Duration (Seconds),Component,Energy Consumption (Joule)
0,131.008,131.008,screen dark,47.66071040000001
0,101.94,101.94,wifi radio,58.900932000000005
101.94,108.143,6.203000000000003,wifi running,0.2123907200000001
108.143,131.008,22.86500000000001,wifi radio,13.211397000000007

