Start Time (Seconds),End Time (Seconds),Duration (Seconds),Component,Energy Consumption (Joule)
0,131.36,131.36,screen dark,19.896521216000004
0,90.95,90.95,wifi radio,115.45056575
90.95,93.92099999999999,2.9709999999999894,wifi running,0.006392106499999978
93.92099999999999,109.637,15.716000000000008,wifi radio,19.94965466000001
109.637,111.971,2.334000000000003,wifi running,0.0050216010000000075
111.971,131.36,19.38900000000001,wifi radio,24.612105765000013

