Start Time (Seconds),End Time (Seconds),Duration (Seconds),Component,Energy Consumption (Joule)
0,131.695,131.695,screen dark,20.012161488
0,106.37899999999999,106.37899999999999,wifi radio,135.475252185
106.37899999999999,112.059,5.680000000000007,wifi running,0.012260280000000016
112.059,131.695,19.635999999999996,wifi radio,25.006740539999992

