Start Time (Seconds),End Time (Seconds),Duration (Seconds),Component,Energy Consumption (Joule)
0,131.303,131.303,screen dark,19.887887676800002
0,92.191,92.191,wifi radio,117.025872535
92.191,92.417,0.2259999999999991,wifi running,0.00048623899999999807
92.417,111.2,18.783,wifi radio,23.842858455000002
111.2,112.387,1.1869999999999976,wifi running,0.002553830499999995
112.387,131.303,18.915999999999997,wifi radio,24.011686659999995

