Start Time (Seconds),End Time (Seconds),Duration (Seconds),Component,Energy Consumption (Joule)
0,131.258,131.258,screen dark,19.8810717248
0,105.84100000000001,105.84100000000001,wifi radio,134.352977785
105.84100000000001,112.72200000000001,6.881,wifi running,0.014804471500000001
112.72200000000001,131.258,18.536,wifi radio,23.52932036

