Start Time (Seconds),End Time (Seconds),Duration (Seconds),Component,Energy Consumption (Joule)
0,131.098,131.098,screen dark,19.856837228800003
0,106.055,106.055,wifi radio,134.624626175
106.055,109.14699999999999,3.0919999999999845,wifi running,0.006652437999999967
109.14699999999999,131.098,21.951000000000022,wifi radio,27.864270135000027

