Start Time (Seconds),End Time (Seconds),Duration (Seconds),Component,Energy Consumption (Joule)
0,131.349,131.349,screen dark,19.8948550944
0,106.572,106.572,wifi radio,135.28089822
106.572,112.40899999999999,5.836999999999989,wifi running,0.012558305499999978
112.40899999999999,131.349,18.939999999999998,wifi radio,24.042151899999997

