Start Time (Seconds),End Time (Seconds),Duration (Seconds),Component,Energy Consumption (Joule)
0,130.918,130.918,screen dark,47.627968400000015
0,130.918,130.918,wifi running,4.4826323200000004
8.409,19.836,11.426999999999998,audio,1.8095797199999997

