Start Time (Seconds),End Time (Seconds),Duration (Seconds),Component,Energy Consumption (Joule)
0,71.16499999999999,71.16499999999999,screen dark,10.811614528
0,71.16499999999999,71.16499999999999,wifi running,0.15357406999999998

